{
  "version": 1,
  "author": "Anonymous maker",
  "editor": "wokwi",
  "parts": [
    { "type": "wokwi-breadboard-half", "id": "bb2", "top": -300.6, "left": 358, "attrs": {} },
    { "type": "wokwi-arduino-uno", "id": "uno", "top": 0, "left": 0, "attrs": {} },
    { "type": "wokwi-servo", "id": "servo1", "top": -299.6, "left": 96, "attrs": {} },
    { "type": "wokwi-led", "id": "led1", "top": -205.2, "left": 503, "attrs": { "color": "red" } },
    {
      "type": "wokwi-led",
      "id": "led2",
      "top": -214.8,
      "left": 426.2,
      "attrs": { "color": "limegreen" }
    },
    {
      "type": "wokwi-pushbutton",
      "id": "btn1",
      "top": -211.8,
      "left": 588.6,
      "rotate": 90,
      "attrs": { "color": "green", "key": "1" }
    }
  ],
  "connections": [
    [ "bb2:bn.20", "uno:GND.3", "black", [ "v0" ] ],
    [ "servo1:GND", "bb2:bn.1", "black", [ "h0", "v-57.6" ] ],
    [ "uno:5V", "bb2:bp.3", "red", [ "v-239.5", "h252.8", "v-67.2" ] ],
    [ "servo1:PWM", "uno:11", "green", [ "h0" ] ],
    [ "servo1:V+", "bb2:bp.5", "red", [ "h268.8", "v0.1" ] ],
    [ "bb2:15b.j", "bb2:bn.12", "black", [ "v0" ] ],
    [ "bb2:7b.j", "bb2:bn.6", "black", [ "v0" ] ],
    [ "btn1:1.r", "bb2:bn.25", "black", [ "v0", "h48.2", "v57.6" ] ],
    [ "bb2:25b.j", "uno:7", "green", [ "v57.6", "h-163.2" ] ],
    [ "uno:12", "bb2:8b.h", "green", [ "v-172.2", "h-0.1" ] ],
    [ "uno:13", "bb2:16b.i", "green", [ "v-28.2", "h412.6" ] ],
    [ "led1:A", "bb2:16b.h", "", [ "$bb" ] ],
    [ "led1:C", "bb2:15b.h", "", [ "$bb" ] ],
    [ "led2:A", "bb2:8b.g", "", [ "$bb" ] ],
    [ "led2:C", "bb2:7b.g", "", [ "$bb" ] ],
    [ "btn1:1.l", "bb2:27t.d", "", [ "$bb" ] ],
    [ "btn1:2.l", "bb2:25t.d", "", [ "$bb" ] ],
    [ "btn1:1.r", "bb2:27b.i", "", [ "$bb" ] ],
    [ "btn1:2.r", "bb2:25b.i", "", [ "$bb" ] ]
  ],
  "dependencies": {}
}